name,seqres,release_date,msa_id,residue_length
1gnt_A,MFCFQCQETAKNTGCTVKGMCGKPEETANLQDLLIFVLRGIAIYGEKLKELGQPDRSNDDFVLQGLFATITNANWDDARFEAMISEGLARRDKLRNAFLAVYKAKNGKDFSEPLPEAATWTGDSTAFAEKAKSVGILATENEDVRSLRELLIIGLKGVAAYAEHAAVLGFRKTEIDEFMLEALASTTKDLSVDEMVALVMKAGGMAVTTMALLDEANTTTYGNPEITQVNIGVGKNPGILISGHDLKDMAELLKQTEGTGVDVYTHGEMLPANYYPAFKKYPHFVGNYGGSWWQQNPEFESFNGPILLTTNCLVPLKKENTYLDRLYTTGVVGYEGAKHIADRPAGGAKDFSALIAQAKKCPPPVEIETGSIVGGFAHHQVLALADKVVEAVKSGAIKRFVVMAGCDGRQKSRSYYTEVAENLPKDTVILTAGCAKYRYNKLNLGDIGGIPRVLDAGQCNDSYSLAVIALKLKEVFGLDDINDLPVSYDIAWYEQKAVAVLLALLFLGVKGIRLGPTLPAFLSPNVAKVLVENFNIKPIGTVQDDIAAMMAGK,2002-04-11,1gnt_A,553
4fhr_B,GHMDPVQLVNFLQSEHPQTIAVVLSYLDPPVAAQILGALPEELQTEVLKRIALLERTSPEVVKEIERNLEKKISGFVSRTFSKVGGIDTAAEIMNNLDRTTEKKIMDKLVQENPELADEIRRRMFVFEDILKLDDRSIQLVLREVDTRDLALALKGASDELKEKIFKNMSKRAAALLKDELEYMGPVRLKDVEEAQQKIINIIRRLEEAGEIVIAR,2012-08-22,4fhr_B,216
1msk_A,KKPRTPPVTLEAARDNDFAFDWQAYTPPVAHRLGVQEVEASIETLRNYIDWTPFFMTWSLAGKYPRILEDEVVGVEAQRLFKDANDMLDKLSAEKTLNPRGVVGLFPANRVGDDIEIYRDETRTHVINVSHHLRQQTEKTGFANYCLADFVAPKLSGKADYIGAFAVTGGLEEDALADAFEAQHDDYNKIMVKALADRLAEAFAEYLHERVRKVYWGYAPNENLSNEELIRENYQGIRPAPGYPACPEHTEKATIWELLEVEKHTGMKLTESFAMWPGASVSGWYFSHPDSKYYAVAQIQRDQVEDYARRKGMSVTEVERWLAPNLGYDAD,1997-04-01,1msk_A,331
1rk8_B,MSTEDFYLRYYVGHKGKFGHEFLEFEFRPDGKLRYANNSNYKNDTMIRKEAFVHQSVMEELKRIIIDSEIMQEDDLPWPPPDRVGRQELEIVIGDEHISFTTSKTGSLVDVNRSKDPEGLRCFYYLVQDLKCLVFSLIGLHFKIKPI,2004-04-13,1rk8_B,147
3lvu_D,SNAGMTGFVINTRRAPFDDWRLREALLLAFNFEFINDTVTGGVMPRITSYFSGTDLAYRPGTASGREAELLAPFAADLPPGTLEGYALPQGDGTARNRTNLRRAAQFLEQAGFRIEQGQLLGPDGAPLALRFLLRQGDSDMQTVLEIYTRALERLGIAAQIEKVDNAQYTARVAELDFDLTPFRRDLSLSPGNEQRLYWGSHSAGQPGTRNLMGAASPAIDAMIDRMLAATTEDELTAATRALDRVLTAGRYVIPIWR,2010-03-02,3lvu_D,258
1koe_A,QPVLHLVALNTPLSGGMRGIRGADFQCFQQARAVGLSGTFRAFLSSRLQDLYSIVRRADRGSVPIVNLKDEVLSPSWDSLFSGSQGQLQPGARIFSFDGRDVLRHPAWPQKSVWHGSDPSGRRLMESYCETWRTETTGATGQASSLLSGRLLEQKAASCHNSYIVLCIENSF,1999-02-16,1koe_A,172
1n8u_A,EDKYTDKYDNINLDEILANKRLLVAYVNCVMERGKCSPEGKELKEHLQDAIENGCKKCTENQEKGAYRVIEHLIKNEIEIWRELTAKYDPTGNWRKKYEDRAKAAGIVIPEE,2003-04-01,1n8u_A,112
1d3y_B,TVNQAKIFAQTTKMLEFAKQLLETDDFSTLREAYYVSKNWGEARFDDQQASNNVIEDLEAALGVLREHLGFIPEEDGSSVVGPLKIIEETPEGELVVDCTKLGTGAYNIPNDVTKLNLETDADFILAIETSGMFARLNAERFWDKHNCILVSLKGVPARATRRFIKRLHEEHDLPVLVFTDGDPYGYLNIYRTLKVGSGKAIHLADKLSIPAARLIGVTPQDIIDYDLPTHPLKEQDIKRIKDGLKNDDFVRSFPEWQKALKQMLDMGVRAEQQSLAKYGLKYVVNTYLPEKIKDESTWLP,1999-11-05,1d3y_B,301
4qtq_A,MQKDLKMPSTANAKLNEQGEISADIGGIAVSVHAQSCTEDSPGIMLCNRSPVVEVTFPGAKPIALEPEALYVDSNSTFYHGPLDDTYKKNRHSIILTDINGDGHEDVVVWSGKEGNYGGPSYSVYLFDAAQKTLVFNQSLSDITVMANGLFSVKGNMLTSTSGDGCCIHVFDTYELKNNEAVLIERLTEDTNDPANPKKKIERLQDGEMKEVSN,2015-06-17,4qtq_A,214
1xwl_A,AKMAFTLADRVTEEMLADKAALVVEVVEENYHDAPIVGIAVVNEHGRFFLRPETALADPQFVAWLGDETKKKSMFDSKRAAVALKWKGIELCGVSFDLLLAAYLLDPAQGVDDVAAAAKMKQYEAVRPDEAVYGKGAKRAVPDEPVLAEHLVRKAAAIWELERPFLDELRRNEQDRLLVELEQPLSSILAEMEFAGVKVDTKRLEQMGKELAEQLGTVEQRIYELAGQEFNINSPKQLGVILFEKLQLPVLKKTKTGYSTSADVLEKLAPYHEIVENILHYRQLGKLQSTYIEGLLKVVRPDTKKVHTIFNQALTQTGRLSSTEPNLQNIPIRLEEGRKIRQAFVPSESDWLIFAADYSQIELRVLAHIAEDDNLMEAFRRDLDIHTKTAMDIFQVSEDEVTPNMRRQAKAVNFGIVYGISDYGLAQNLNISRKEAAEFIERYFESFPGVKRYMENIVQEAKQKGYVTTLLHRRRYLPDITSRNFNVRSFAERMAMNTPIQGSAADIIKKAMIDLNARLKEERLQAHLLLQVHDELILEAPKEEMERLCRLVPEVMEQAVTLRVPLKVDYHYGSTWYDAK,1999-01-13,1xwl_A,580
3m4r_A,SNAMQNRWAETKFDSDIDEVVYGSRLIGSDPDLVLHGGGNTSVKTTERDHAGRIISVLRVKNSGSNLGTIDSRGFTGIRMDDALAAAKIDKMTDEAMVDYLKKSMVNPSEPSPSVETFLHAFLPYKFVMHSHADAILSITNTDLPSDQIAKILGNVVVLPYIPPGFTLAKEVMNCFKKGIDGIVLRKHGLLTFGDTGKEAYDRHINIVSRAENFIREKTDGK,2010-04-14,3m4r_A,222
4dol_A,KSAASSVGNAEDYAEETATSVKFKRSVTLPGCSSPLSLLGTGFREKKFAIIGVKVYAAGYYVNESILSGLSAWTGRSADEIQRDSSLFVSIFQAQAEKSLQIVLVRDVDGKTFWDALDEAISPRIKSPSSEDTTALSTFCCIFQNRPLNKGSVILLTWINTSNMLVSVSSGGLPTNVDATIESGNVTSALFDVFFGDSPVSPTLKSSVANQLAMTLV,2012-05-09,4dol_A,217
1vkm_C,MGSDKIHHHHHHVIIESRIEKGKPVVGMETTVFVHGLPRKEAIELFRRAKEISREKGFQLAVIGILKGKIVAGMSEEELEAMMREGADKVGTREIPIVVAEGKNAATTVSATIFLSRRIGIEVVVTGGTGGVHPGRVDVSQDLTEMSSSRAVLVSSGIKSILDVEATFEMLETLEIPLVGFRTNEFPLFFSRKSGRRVPRIENVEEVLKIYESMKEMELEKTLMVLNPVPEEYEIPHDEIERLLEKIELEVEGKEVTPFLLKKLVEMTNGRTLKANLALLEENVKLAGEIAVKLKRS,2004-06-29,1vkm_C,297
4ljo_A,GPGPEYQAQGLAMYLQENGIDCPKCKFSYALARGGCMHFHCTQCRHQFCSGCYNAFYAKNKCPEPNCRVKKSLHGHHPRDCLFYLRDWTALRLQKLLQDNNVMFNTEPPAGARAVPGGGCRVIEQKEVPNGLRDEACGKETPAGYAGLCQAHYKEYLVSLINAHSLDPATLYEVEELETATERYLHVRPQPLAGEDPPAYQARLLQKLTEEVPLGQSIPRRRK,2013-10-16,4ljo_A,223
1dfu_P,MFTINAEVRKEQGKGASRRLRAANKFPAIIYGGKEAPLAIELDHDKVMNMQAKAEFYSEVLTIVVDGKEIKVKAQDVQRHPYKPKLQHIDFVRA,1999-12-02,1dfu_P,94
1lri_A,TACTASQQTAAYKTLVSILSDASFNQCSTDSGYSMLTAKALPTTAQYKLMCASTACNTMIKKIVTLNPPNCDLTVPTSGLVLNVYSYANGFSNKCSSL,2002-05-29,1lri_A,98
5ii7_A,MGRSWHYVEPKFLNKAFEVALKVQIIAGFDRGLVKWLRVHGRTLSTVQKKALYFVNRRYMQTHWANYMLWINKKIDALGRTPVVGDYTRLGAEIGRRIDMAYFYDFLKDKNMIPKYLPYMEEINRMRPADVPVKYMGK,2017-06-14,5ii7_A,138
2dwk_A,GSSGSSGMANERMNLMNMAKLSIKGLIESALNLGRTLDSDYAPLQQFFVVMEHCLKHGLKAKKTFLGQNKSFWGPLELVEKLVPEAAEITASVKDLPGLKTPVGRGRAWLRLALMQKKLSEYMKALINKKELLSEFYEVNALMMEEEGAIIAGLLVGLNVIDANFCMKGEDLDSQVGVID,2006-08-29,2dwk_A,180
2bmo_B,MMINTQEDKLVSAHDAEEFHRFFVGHDSDLQQEVTTLLTREAHLLDIQAYKAWLEHFVAPEIKYQVISRELRSTSERRYQLNDAVNLYNENYQQLKVRVEHQMDPQNWANNPKIRFTRFVTNVTAAKDKSAPEILHVRSNLILHRARRENQVDVFYATREDKWKRIEGGGIKLVERFVDYPERIPQTHNLLVFL,2005-05-04,2bmo_B,194
2w9y_A,GAMSVASLPECVKNFFPTEQLEFSSSITADEKPVLHEVFQKHSCFSQCGEMIDEVSKKHPELGKRLATVLEGNKKRLDGLSPAAVEYAKKLIHMVTTTLCSLTVGKPIDDADAKRLHQEFQSLSSEDQAALRKNNPDIKF,2009-10-20,2w9y_A,140
2zca_B,MSPGERFLDWLKRLQGQKAWTAARAAFRRSLAFPPGAYPRAMPYVEPFLAKGDWRQEEREAHYLVAALYALKDGDHQVGRTLARALWEKAQGSASVEKRFLALLEADRDQIAFRLRQAVALVEGGIDFARLLDDLLRWFSPERHVQARWAREYYGAGASEEEKKKEVEA,2008-10-07,2zca_B,169
2uxy_A,MRHGDISSSNDTVGVAVVNYKMPRLHTAAEVLDNARKIAEMIVGMKQGLPGMDLVVFPEYSLQGIMYDPAEMMETAVAIPGEETEIFSRACRKANVWGVFSLTGERHEEHPRKAPYNTLVLIDNNGEIVQKYRKIIPWCPIEGWYPGGQTYVSEGPKGMKISLIICDDGNYPEIWRDCAMKGAELIVRCQGYMYPAKDQQVMMAKAMAWANNCYVAVANAAGFDGVYSYFGHSAIIGFDGRTLGECGEEEMGIQYAQLSLSQIRDARANDQSQNHLFKILHRGYSGLQASGDGDRGLAECPFEFYRTWVTDAEKARENVERLTRSTTGVAQCPVGRLPYEG,2007-04-17,2uxy_A,341
3gkj_A,GAQSCVWYGECGIAYGDKRYNCEYSGPPKPLPKDGYDLVQELCPGFFFGQVSLCCDVRQLQTLKDNLQLPLQFLSRCPSCFYNLLNLFCELTCSPRQSQFLQVTATEDYVDPVTNQTKTNVKELQYYVGQSFANAMYNACRDVEAPSSNDKALGLLCGKDADACQATNWIEYMFNKDNGQAPFTITPVFSDFPVHGMEPMNNATKGCDESVDEVTAPCSCQDCSIVCGPKPQ,2009-07-14,3gkj_A,232
4h9m_A,MKLSPREVEKLGLHNAGYLAQKRLARGVRLNYTEAVALIASQIMEYARDGEKTVAQLMCLGQHLLGRRQVLPAVPHLLNAVQVEATFPDGTKLVTVHDPISRENGELQEALFGSLLPVPSLDKFAETKEDNRIPGEILCEDECLTLNIGRKAVILKVTSKGDRPIQVGSHYHFIEVNPYLTFDRRKAYGMRLNIAAGTAVRFEPGDCKSVTLVSIEGNKVIRGGNAIADGPVNETNLEAAMHAVRSKGFGHEEEKDASEGFTKEDPNCPFNTFIHRKEYANKYGPTTGDKIRLGDTNLLAEIEKDYALYGDECVFGGGKVIRDGMGQSCGHPPAISLDTVITNAVIIDYTGIIKADIGIKDGLIASIGKAGNPDIMNGVFSNMIIGANTEVIAGEGLIVTAGAIDCHVHYICPQLVYEAISSGITTLVGGGTGPAAGTRATTCTPSPTQMRLMLQSTDDLPLNFGFTGKGSSSKPDELHEIIKAGAMGLKLHEDWGSTPAAIDNCLTIAEHHDIQINIHTDTLNEAGFVEHSIAAFKGRTIHTYHSEGAGGGHAPDIIKVCGIKNVLPSSTNPTRPLTSNTIDEHLDMLMVCHHLDREIPEDLAFAHSRIRKKTIAAEDVLNDIGAISIISSDSQAMGRVGEVISRTWQTADKMKAQTGPLKCDSSDNDNFRIRRYIAKYTINPAIANGFSQYVGSVEVGKLADLVMWKPSFFGTKPEMVIKGGMVAWADIGDPNASIPTPEPVKMRPMYGTLGKAGGALSIAFVSKAALDQRVNVLYGLNKRVEAVSNVRKLTKLDMKLNDALPEITVDPESYTVKADGKLLCVSEATTVPLSRNYFLF,2012-10-24,4h9m_A,840
2a6s_B,MKLIWSEESWDDYLYWQETDKRIVKKINELIKDTRRTPFEGKGKPEPLKHNLSGFWSRRITEEHRLVYAVTDDSLLIAACRYHY,2005-08-23,2a6s_B,84
3nrl_B,MSEHREGTLFYDTETGRYDIRFDLESFYGGLHCGECFDVKVKDVWVPVRIEMGDDWYLVGLNVSRLDGLRVRMLEHHHHHH,2010-08-25,3nrl_B,81
3h0n_A,GMNLDSYERTGLRVSLDLVNIATPGSRRGTPHTGGCVIEDLHDLLKDDPASVAQLGDDHVEGFVELARLLHTAIDALSNGQVATAATALNHLLRKHPATPELAQDPDGTWRLHHHPLDAELVPMWTAICAEGLAREIGHQNVRRFGICNAHRCDRVYFDTSRNGTRQYCSLACQNRVKAAAFRERRAT,2009-04-21,3h0n_A,188
1u55_A,MKGTIVGTWIKTLRDLYGNDVVDESLKSVGWEPDRVITPLEDIDDDEVRRIFAKVSEKTGKNVNEIWREVGRQNIKTFSEWFPSYFAGRRLVNFLMMMDEVHLQLTKMIKGATPPRLIAKPVAKDAIEMEYVSKRKMYDYFLGLIEGSSKFFKEEISVEEVERGEKDGFSRLKVRIKFKNPVFEYKKN,2004-08-31,1u55_A,188
2d28_C,MEQRSAETRIVEALLERRRLKDTDLVRARQLQAESGMGLLALLGRLGLVSERDHAETCAEVLGLPLVDARQLGDTPPEMLPEVQGLSLRFLKQFHLCPVGERDGRLDLWIADPYDDYAIDAVRLATGLPLLLHVGLRSEIDDLIERWYG,2005-09-20,2d28_C,149
1u09_A,GLIVDTRDVEERVHVMRKTKLAPTVAHGVFNPEFGPAALSNKDPRLNEGVVLDEVIFSKHKGDTKMSAEDKALFRRCAADYASRLHSVLGTANAPLSIYEAIKGVDGLDAMEPDTAPGLPWALQGKRRGALIDFENGTVGPEVEAALKLMEKREYKFACQTFLKDEIRPMEKVRAGKTRIVDVLPVEHILYTRMMIGRFCAQMHSNNGPQIGSAVGCNPDVDWQRFGTHFAQYRNVWDVDYSAFDANHCSDAMNIMFEEVFRTEFGFHPNAEWILKTLVNTEHAYENKRITVEGGMPSGCSATSIINTILNNIYVLYALRRHYEGVELDTYTMISYGDDIVVASDYDLDFEALKPHFKSLGQTITPADKSDKGFVLGHSITDVTFLKRHFHMDYGTGFYKPVMASKTLEAILSFARRGTIQEKLISVAGLAVHSGPDEYRRLFEPFQGLFEIPSYRSLYLRWVNAVCGDAAALEHH,2004-08-31,1u09_A,476
3mxz_A,GSHMATIRNLKIKTSTCKRIVKELHSYEKEVEREAAKTADMKDKGADPYDLKQQENVLGESRMMIPDCHKRLESALADLKSTLAELEETDEKEGPEIEDAKKTVADVEKQFPTEDA,2010-09-01,3mxz_A,116
3ooi_A,SKELRQLQEDRKNDKKPPPYKHIKVNRPIGRVQIFTADLSEIPRCNCKATDENPCGIDSECINRMLLYECHPTVCPAGGRCQNQCFSKRQYPEVEIFRTLQRGWGLRTKTDIKKGEFVNEYVGELIDEEECRARIRYAQEHDITNFYMLTLDKDRIIDAGPKGNYARFMNHCCQPNCETQKWSVNGDTRVGLFALSDIKAGTELTFNYNLECLGNGKTVCKCGAPNCSGFLG,2010-12-22,3ooi_A,232
2v05_A,NTTGGRFVDKDNRKYYVKDDHKAIYWHKIDGKTYYFGDIGEMVVGWQYLEIPGTGYRDNLFDNQPVNEIGLQEKWYYFGQDGALLEQTDKQVLEAKTSENTGKVYGEQYPLSAEKRTYYFDNNYAVKTGWIYEDGNWYYLNKLGNFGDDSYNPLPIGEVAKGWTQDFHVTIDIDRSKPAPWYYLDASGKMLTDWQKVNGKWYYFGSSGSMATGWKYVRGKWYYLDNKNGDMKTGWQYLGNKWYYLRSSGAMVTGWYQDGLTWYYLNAGNGDMKTGWFQVNGKWYYAYSSGALAVNTTVDGYSVNYNGEWVQ,2008-06-10,2v05_A,311
5x1u_B,ALTPMEFARKYNLLRKDDALLDNPVPGEEMTAGIRRGDAKRVFTMQLGPYWDGFERCSPQAYALSAVFMARMNRDRDAANNILKVLDKTFVDGKPDFSVARPVMKKYQNSELVQEVVAKHAYVLTVIASLLEAAREDGVVPSSEFLWLKPVDRRLWYMLNCVGRQTPYSEVAGPFAHWKAEKEMGRRSLVPMIDEAIRALEIAVKEVR,2017-06-14,5x1u_B,208
1dd3_B,MTIDEIIEAIEKLTVSELAELVKKLEDKFGVTAAAPVAVAAAPVAGAAAGAAQEEKTEFDVVLKSFGQNKIQVIKVVREITGLGLKEAKDLVEKAGSPDAVIKSGVSKEEAEEIKKKLEEAGAEVELK,2000-11-13,1dd3_B,128
3ip4_A,MSIRYESVENLLTLIKDKKIKPSDVVKDIYDAIEETDPTIKSFLALDKENAIKKAQELDELQAKDQMDGKLFGIPMGIKDNIITNGLETTCASKMLEGFVPIYESTVMEKLHKENAVLIGKLNMDEFAMGGSTETSYFKKTVNPFDHKAVPGGSSGGSAAAVAAGLVPLSLGSDTGGSIRQPAAYCGVVGMKPTYGRVSRFGLVAFASSLDQIGPLTRNVKDNAIVLEAISGADVNDSTSAPVDDVDFTSEIGKDIKGLKVALPKEYLGEGVADDVKEAVQNAVETLKSLGAVVEEVSLPNTKFGIPSYYVIASSEASSNLSRFDGIRYGYHSKEAHSLEELYKMSRSEGFGKEVKRRIFLGTFALSSGYYDAYYKKSQKVRTLIKNDFDKVFENYDVVVGPTAPTTAFNLGEEIDDPLTMYANDLLTTPVNLAGLPGISVPCGQSNGRPIGLQFIGKPFDEKTLYRVAYQYETQYNLHDVYEKL,2009-11-24,3ip4_A,485
1dtd_B,DESFLCYQPDQVCCFICRGAAPLPSEGECNPHPTAPWCREGAVEWVPYSTGQCRTTCIPYV,2000-07-12,1dtd_B,61
3p4h_A,SMPRFVVQEHHARRLHWDLRLEMDNVLKSWALPKGVPEKRGVKRLAIETEDHDLSYIDFEGRIPEGMYGAGEVKIWDSGEYELLERTENKIKFLAKGRKMNGEYVLIKTKVGWLLMKA,2011-01-19,3p4h_A,118
2qsk_A,GSGPTYCWNEANNPGGPNRCSNNKQCDGARTCSSSGFCQGTSRKPDPGPKGPTYCWDEAKNPGGPNRCSNSKQCDGARTCSSSGFCQGTAGHAAA,2007-11-27,2qsk_A,95
2b7r_A,ADNLAEFHVQNQECDSCHTPDGELSNDSLTYENTQCVSCHGTLAEVAETTKHEHYNAHASHFPGEVACTSCHSAHEKSMVYCDSCHSFDFNMPYAKKWLRDEPTIAELAKDKSERQAALASAPHDTVDVVVVGSGGAGFSAAISATDSGAKVILIEKEPVIGGNAKLAAGGMNAAWTDQQKAKKITDSPELMFEDTMKGGQNINDPALVKVLSSHSKDSVDWMTAMGADLTDVGMMGGASVNRAHRPTGGAGVGAHVVQVLYDNAVKRNIDLRMNTRGIEVLKDDKGTVKGILVKGMYKGYYWVKADAVILATGGFAKNNERVAKLDPSLKGFISTNQPGAVGDGLDVAENAGGALKDMQYIQAHPTLSVKGGVMVTDAVRGNGAILVNREGKRFVNEITTRDKASAAILAQTGKSAYLIFDDSVRKSLSKIDKYIGLGVAPTADSLVKLGKMEGIDGKALTETVARYNSLVSSGKDTDFERPNLPRALNEGNYYAIEVTPGVHHTMGGVMIDTKAEVMNAKKQVIPGLYGAGEVTGGVHGANRLGGNAISDIITFGRLAGEEAAKYSKKN,2006-05-23,2b7r_A,571
3ajf_A,NGLSNIVLTCKDLPIPIDLLSLFFDILNERHPSFDEHMFLQMIRKPDDPENLSVFLKSAIWMLSHKRDLPGHYRLPLTCLVSTYSEYFVELKPR,2011-04-20,3ajf_A,94
3kz5_E,GSHMSSRHQFAPGATVLYKGDKMVLNLDRSRVPTECIEKIEAILKELEKPAP,2010-03-31,3kz5_E,52
2fma_A,EACKFLHQERMDVCETHLHWHTVAKETCSEKSTNLHDYGMLLPCGIDKFRGVEFVCCPL,2007-01-16,2fma_A,59
4qxo_A,SVAHGLAWSYYIGYLRLILPELQARIRTYNQHYNNLLRGAVSQRLYILLPLDCGVPDNLSMADPNIRFRDMLPQQNIDRAGIKNRVYSNSVYELLENGQRAGTCVLEYATPLQTLFAMSQYSQAGFSREDRLEQAKLFCRTLEDILADAPESQNNCRLIAYQEPADDSSFSLSQEVLRHLRQEEKEEV,2014-09-10,4qxo_A,188
4xb6_E,MHADTATRQHWMSVLAHSQPAELAARLNALNITADYEVIRAAETGLVQIQARMGGTGERFFAGDATLTRAAVRLTDGTLGYSWVQGRDKQHAERCALIDALMQQSRHFQNLSETLIAPLDADRMARIAARQAEVNASRVDFFTMVRGDNA,2015-08-19,4xb6_E,150
3hms_A,GSYAEGQRKRRNTIHEFKKSAKTTLIKIDPALKIKTKKVNTADQCANRCTRNKGLPFTCKAFVFDKARKQCLWFPFNSMSSGVKKEFGHEFDLYENKDYIR,2010-06-09,3hms_A,101
3m7d_A,MALVYDAEFVGSEREFEEERETFLKGVKAYDGVLATRYLMERSSSAKNDEELLELHQNFILLTGSYACSIDPTEDRYQNVIVRGVNFDERVQRLSTGGSPARYAIVYRRGWRAIAKALDIDEEDVPAIEVRAVKRNPLQPALYRILVRYGRVDLMPVTVDEVPPEMAGEFERLIERYDVPIDEKEERILEILRENPWTPHDEIARRLGLSVSEVEGEKDPESSGIYSLWSRVVVNIEYDERTAKRHVKRRDRLLEELYEHLEELSERYLRHPLTRRWIVEHKRDIMRRYLEQRIVECALKLQDRYGIREDVALCLARAFDGSISMIATTPYRTLKDVCPDLTLEEAKSVNRTLATLIDEHGLSPDAADELIEHFESIAGI,2010-08-04,3m7d_A,380
2hng_A,SNAMNLKREQEFVSQYHFDARNFEWENENGAPETKVDVNFQLLQHDQENQVTSLIVILSFMIVFDKFVISGTISQVNHIDGRIVNEPSELNQEEVETLARPCLNMLNRLTYEVTEIALDLPGINLEF,2006-08-15,2hng_A,127
5j2l_B,GSHMGSEDYKLREAQRELDKQRKDTEEIRKRLKEIQRLTDERTSTADELIKELREIIRRLQEQSEKLREIIEELEKIIRKR,2016-05-25,5j2l_B,81
3cw3_A,GKVVIYSEPDVSEKCIEVFSDIQDCSSWSLSPVILIKVVRGCWILYEQPNFEGHSIPLEEGELELSGLWGIEDILERHEEAESDKPVVIGSIRHVV,2008-06-17,3cw3_A,96
2q9r_A,GMTKKTGFFKRLKALTLPQKQLFATALCQRMLPNYQLFSEVCEFGDPAVLSTALELLWQSLYDPKLKFNIDVHLQRLEDNTPEPADFEAYGVYPAMDAVVAISTLLGAIQGKIEEDIVNISKLSSSTVANYIEAISDVDLVDEALDDFVFAHEVMEEEKELQNSLLEIIEENPKITAELVKGLRKDIIETGVSNIGISVA,2007-06-26,2q9r_A,200
1qnx_A,AEAEFNNYCKIKCLKGGVHTACKYGSLKPNCGNKVVVSYGLTKQEKQDILKEHNDFRQKIARGLETRGNPGPQPPAKNMKNLVWNDELAYVAQVWANQCQYGHDTCRDVAKYQVGQNVALTGSTAAKYDDPVKLVKMWEDEVKDYNPKKKFSGNDFLKTGHYTQMVWANTKEVGCGSIKYIQEKWHKHYLVCNYGPSGNFKNEELYQTK,2000-10-26,1qnx_A,209
3h1w_A,ASMQKLINSVQNYAWGSKTALTELYGIANPQQQPMAELWMGAHPKSSSRITTANGETVSLRDAIEKNKTAMLGEAVANRFGELPFLFKVLCAAQPLSIQVHPNKRNSEIGFAKENAAGIPMDAAERNYKDPNHKPELVFALTPFLAMNAFREFSDIVSLLQPVAGAHSAIAHFLQVPNAERLSQLFASLLNMQGEEKSRALAVLKAALNSQQGEPWQTIRVISEYYPDDSGLFSPLLLNVVKLNPGEAMFLFAETPHAYLQGVALEVMANSDNVLRAGLTPKYIDIPELVANVKFEPKPAGELLTAPVKSGAELDFPIPVDDFAFSLHDLALQETSIGQHSAAILFCVEGEAVLRKDEQRLVLKPGESAFIGADESPVNASGTGRLARVYNKL,2009-05-19,3h1w_A,393
2vlf_B,MNYPAEPFRIKSVETVSMIPRDERLKKMQEAGYNTFLLNSKDIYIDLLTDSGTNAMSDKQWAGMMMGDEAYAGSENFYHLERTVQELFGFKHIVPTHQGRGAENLLSQLAIKPGQYVAGNMYFTTTRYHQEKNGAVFVDIVRDEAHDAGLNIAFKGDIDLKKLQKLIDEKGAENIAYICLAVTVNLAGGQPVSMANMRAVRELTEAHGIKVFYDATRCVENAYFIKEQEQGFENKSIAEIVHEMFSYADGCTMSGKKDCLVNIGGFLCMNDDEMFSSAKELVVVYEGMPSYGGLAGRDMEAMAIGLREAMQYEYIEHRVKQVRYLGDKLKAAGVPIVEPVGGHAVFLDARRFCEHLTQDEFPAQSLAASIYVETGVRSMERGIISAGRNNVTGEHHRPKLETVRLTIPRRVYTYAHMDVVADGIIKLYQHKEDIRGLKFIYEPKQLRFFTARFDYI,2008-08-19,2vlf_B,456
3bqp_B,DGGFCEVCKKLVGYLDRNLEKNSTKQEILAALEKGCSFLPDPYQKQCDQFVAEYEPVLIEILVEVMDPSFVCLKIGACPS,2008-02-05,3bqp_B,80
3sfv_B,KKLDKLERQGKDLEDKYKTYEENLEGFEKLLTDSEELSLSEINEKMKAFSKDSEKLTQLMEKHKGDEKTVQSLQREHHDIKAKLANLQVLHDAHTGKKSYVNEKGNPVSSLKDAHLAINKDQEVVEHKGQFYLLQKGQWDAIKNDPAALEKAQKDYSQSKHDLATIKMEALIHKLSLEMEKQLETINDLIMSTDPKENEEATKLLHKHNGLNLKLANLQDMLAVHRKEKSFFNEKGEKVTSLNDAHYVIGKDQQLFNLGGKFYPIHKEQKILEKDGKFYLLKQGEDWESIKDSPEKQKKAEHDFHKLQYETPMTVKKLVHHNKGLETTIHKERIEELEHHHHHH,2012-04-18,3sfv_B,344
2dt4_A,MVTGMFSLGRTYLFRVPEGEELLTYIKNFCKKEGIETAIINGIGTLKNPKIGYFLEEKKEYKVIPLKGSYELISLIGNVSLKDGEPFVHAHVSLGNEEGIVFGGHLVEGEVFVAEIFLQELKGEKIERKPTKYGLALWEELKL,2007-05-22,2dt4_A,143
5ngd_B,GPAKLEGASVPVMSTSYDVVVDREFDELLQGKDGLLVYHKMLSDGTVKNALNYIFGRIRSAKWYVEPASTDPEDIAIAAFIHAQLGIDDASVGKYPFGRLFAIYENAYIYGMAAGEIVLTLGADGKLILDKIVPIHPFNIDEVLYDEEGGPKALKLSGEVKGGSQFVSGLEIPIWKTVVFLHNDDGSFTGQSALRAAVPHWLAKRALILLINHGLERFMIGVPTLTIPKSVRQGTKQWEAAKEIVKNFVQKPRHGIILPDDWKFDTVDLKSAMPDAIPYLTYHDAGIARALGIDFNTVQLNMGGQAINIGEFVSLTQQTIISLQREFASAVNLYLIPKLVLPNWPSATRFPRLTFEMEERNDFSAAANLMGMLINAVKDSEDIPTELKALIDALPSKMRRALGVVDEVREAVRQPAD,2017-03-29,5ngd_B,417
5erq_A,MSPFPLTSMDKAFITVLEMTPVLGTEIINYRDGMGRVLAQDVYAKDNLPPFPASVKDGYAVRAADGPGDRFIIGESQAGEQPTQTVMPGQVMRVTTGAPIPCGADAVVQVEDTELIRESDDGTEELEVRILVQARPGQDIRPIGHDIKRGECVLAKGTHMGPSEIGLLATVGVTEVEVNKFPVVAVMSTGNELLNPEDDLLPGKIRDSNRSTLLATIQEHGYPTINLGIVGDNPDDLLNALNEGISRADVIITSGGVSMGEKDYLKQVLDIDLHAQIHFGRVFMKPGLPTTFATLDIDGVRKIIFALPGNPVSAVVTCNLFVVPALRKMQGILDPRPTIIKARLSCDVKLDPRPEYHRCILTWHHQEPLPWAQSTGNQMSSRLMSMRSANGLLMLPPKTEQYVELHKGEVVDVMVIGRL,2016-05-04,5erq_A,419
2ixm_A,TQNFIIPKKEIHTVPDMGKWKRSQAYADYIGFILTLNEGVKGKKLTFEYRVSEAIEKLLALLNTLDRWIDETPPVDQPSRFGNKAYRTWYAKLDEEAENLVATVVPTHLAAAVPEVAVYLKESVGNSTRIDYGTGHEAAFAAFLCCLCKIGVLRVDDQIAIVFKVFNRYLEVMRKLQKTYRMEPAGSQGVWGLDDFQFLPFIWGSSQLIDHPYLEPRHFVDEKAVNENHKDYMFLECILFITEMKTGPFAEHSNQLWNISAVPSWSKVNQGLIRMYKAECLEKFPVIQHFKFGSLLPIHPVTS,2006-07-11,2ixm_A,303
1uwk_B,MTDNNKYRDVEIRAPRGNKLTAKSWLTEAPLRMLMNNLDPQVAENPKELVVYGGIGRAARNWECYDKIVETLTRLEDDETLLVQSGKPVGVFKTHSNAPRVLIANSNLVPHWANWEHFNELDAKGLAMYGQMTAGSWIYIGSQGIVQGTYETFVEAGRQHYGGSLKGKWVLTAGLGGMGGAQPLAATLAGACSLNIESQQSRIDFRLETRYVDEQATDLDDALVRIAKYTAEGKAISIALHGNAAEILPELVKRGVRPDMVTDQTSAHDPLNGYLPAGWTWEQYRDRAQTEPAAVVKAAKQSMAVHVQAMLDFQKQGVPTFDYGNNIRQMAKEEGVADAFDFPGFVPAYIRPLFCRGVGPFRWAALSGEAEDIYKTDAKVKELIPDDAHLHRWLDMARERISFQGLPARICWVGLGLRAKLGLAFNEMVRSGELSAPVVIGRDHLDSGSVSSPNAETEAMRDGSDAVSDWPLLNALLNTAGGATWVSLHHGGGVGMGFSQHSGMVIVCDGTDEAAERIARVLTNDPGTGVMRHADAGYDIAIDCAKEQGLDLPMITG,2004-08-19,1uwk_B,557
2qjz_A,GSDNLSRHDMLAWINESLQLNLTKIEQLCSGAAYCQFMDMLFPGSIALKKVKFQAKLEHEYIQNFKILQAGFKRMGVDKIIPVDKLVKGKFQDNFEFVQWFKKFFDANYDGKDYDPVAARQGQ,2007-10-02,2qjz_A,123
3nrw_A,MTERPSLSPREARDRYLAHRQTDAADASIKSFRYRLKHFVEWAEERDITAMRELTGWKLDEYETFRRGSDVSPATLNGEMQTLKNWLEYLARIDVVDEDLPEKVHVPTILEHHHHHH,2010-08-25,3nrw_A,117
1ear_A,MVITKIVGHIDDLSHQIKKVDWLEVEWEDLNKRILRKETENGTDIAIKLENSGTLRYGDVLYESDDTLIAIRTKLEKVYVIKPQTMQEMGKMAFEIGNRHTMCIIEDDEILVRYDKTLEKLIDEVGVSYEQSERRFKEPFKYRGHQH,2002-01-04,1ear_A,147
2pag_A,LEEVIEQLREANEPVPVPLELPDEDQLVEIEEQLFINIPFVFKEFLLTVSDVVYGSLEPVTVTDPQSHTYLPEVCATAWDLGVPRELIPICQDGEDYYCVEEDGTVLLWSAEEELVTEESWESVWHWARDVWLES,2007-04-03,2pag_A,135
3ot9_B,GSHMASNKYKRIFLVVMDSVGIGEAPDAEQFGDLGSDTIGHIAEHMNGLQMPNMVKLGLGNIREMKGISKVEKPLGYYTKMQEKSTGKDTMTGHWEIMGLYIDTPFQVFPEGFPKELLDELEEKTGRKIIGNKPASGTEILDELGQEQMETGSLIVYTSADSVLQIAAHEEVVPLDELYKICKIARELTLDEKYMVGRVIARPFVGEPGNFTRTPNRHDYALKPFGRTVMNELKDSDYDVIAIGKISDIYDGEGVTESLRTKSNMDGMDKLVDTLNMDFTGLSFLNLVDFDALFGHRRDPQGYGEALQEYDARLPEVFAKLKEDDLLLITADHGNDPIHPGTDHTREYVPLLAYSPSMKEGGQELPLRQTFADIGATVAENFGVKMPEYGTSFLNELKK,2010-12-29,3ot9_B,399
2qmj_A,SAECPVVNELERINCIPDQPPTKATCDQRGCCWNPQGAVSVPWCYYSKNHSYHVEGNLVNTNAGFTARLKNLPSSPVFGSNVDNVLLTAEYQTSNRFHFKLTDQTNNRFEVPHEHVQSFSGNAAASLTYQVEISRQPFSIKVTRRSNNRVLFDSSIGPLLFADQFLQLSTRLPSTNVYGLGEHVHQQYRHDMNWKTWPIFNRDTTPNGNGTNLYGAQTFFLCLEDASGLSFGVFLMNSNAMEVVLQPAPAITYRTIGGILDFYVFLGNTPEQVVQEYLELIGRPALPSYWALGFHLSRYEYGTLDNMREVVERNRAAQLPYDVQHADIDYMDERRDFTYDSVDFKGFPEFVNELHNNGQKLVIIVDPAISNNSSSSKPYGPYDRGSDMKIWVNSSDGVTPLIGEVWPGQTVFPDYTNPNCAVWWTKEFELFHNQVEFDGIWIDMNEVSNFVDGSVSGCSTNNLNNPPFTPRILDGYLFCKTLCMDAVQHWGKQYDIHNLYGYSMAVATAEAAKTVFPNKRSFILTRSTFAGSGKFAAHWLGDNTATWDDLRWSIPGVLEFNLFGIPMVGPDICGFALDTPEELCRRWMQLGAFYPFSRNHNGQGYKDQDPASFGADSLLLNSSRHYLNIRYTLLPYLYTLFFRAHSRGDTVARPLLHEFYEDNSTWDVHQQFLWGPGLLITPVLDEGAEKVMAYVPDAVWYDYETGSQVRWRKQKVEMELPGDKIGLHLRGGYIFPTQQPNTTTLASRKNPLGLIIALDENKEAKGELFWDDGETKDTVANKVYLLCEFSVTQNRLEVNISQSTYKDPNNLAFNEIKILGTEEPSNVTVKHNGVPSQTSPTVTYDSNLKVAIITDIDLLLGEAYTVEWAH,2008-01-08,2qmj_A,870
5x1e_D,DISKCMAKIAASMNAKFYLNDRFVSFDEVFSETGLLPAIAKRADQLCSLCLGYGLGATYDESEGALLGIRVVFDEVTPNVLRLLCMTDVMNELIQGGPSRDYTPLDELMYD,2017-06-14,5x1e_D,111
2j7z_A,KPVSLSYRCPCRFFESHVARANVKHLKILNTPNCALQIVARLKNNNRQVCIDPKLKWIQEYLEKALNK,2006-10-23,2j7z_A,68
3h8t_A,DEPNQPSTPEAVTKTVTIDASKYETWQYFSFSKGEVVNVTDYKNDLNWDMALHRYDVRLNCGESGKGKGGAVFSGKTEMDQATTVPTDGYTVDVLGRITVKYEMGPDGHQMEYEEQGFSEVITGKKNAQGFASGGWLEFSHGPAGPTYKLSKRVFFVRGADGNIAKVQFTDYQDAELKKGVITFTYTYPVK,2009-05-12,3h8t_A,191
4ct7_A,PPQPQYSYHDINVYSLAGLAPHITLNPTIPLFQAHPQLKQCVRQAIERAVQELVHPVVDRSIKIAMTTCEQIVRKDFALDSEESRMRIAAHHMMRNLTAGMAMITCREPLLMSISTNLKNSFASALRTASPQQREMMDQAAAQLAQDNCELACCFIQKTAVEKAGPEMDKRLATEFELRKHARQEGRRYCDPVVLTYQAERMPEQIRLKVGGVDPKQLAVYEEFARNVPGFLPTNDLSQPTGF,2014-05-07,4ct7_A,243
1b8d_K,MKSVITTTISAADAAGRFPSSSDLESIQGNIQRAAARLEAAQKLSGNHEAVVKEAGDACFAKYSYLKNAGEAGDSPEKINKCYRDIDHYMRLINYSLVVGGTGPVDEWGIAGSREVYRALNLPGSAYIAAFTFTRDRLCVPRDMSSQAGVEFTSALDYVINSLC,1999-02-18,1b8d_K,164
2fp1_A,DGTSQLAELVDAAAERLEVADPVAAFKWRAQLPIEDSGRVEQQLAKLGEDARSQHIDPDYVTRVFDDQIRATEAIEYSRFSDWKLNPASAPPEPPDLSASRSAIDSLNNRMLSQIWSHWSLLSAPSCAAQLDRAKRDIVRSRHLDSLYQRALTTATQSYCQALPPA,2006-03-28,2fp1_A,166
5j3t_B,MSFTNATFSQVLDDLSARFILNLPAEEQSSVERLCFQIEQAHWFYEDFIRAQNDQLPSLGLRVFSAKLFAHCPLLWKWSKVHEEAFDDFLRYKTRIPVRGAIMLDMSMQQCVLVKGWKASSGWGFPKGKIDKDESDVDCAIREVYEETGFDCSSRINPNEFIDMTIRGQNVRLYIIPGISLDTRFESRTRKEISKIEWHNLMDLPTFKKNKPQTMKNKFYMVIPFLAPLKKWIKKRNIANNT,2016-05-18,5j3t_B,242
3vkw_A,SYTRSEEIESLEQFHMATASSLIHKQMCSIVYTGPLKVQQMKNFIDSLVASLSAAVSNLVKILKDTAAIDLETRQKFGVLDVASKRWLVKPSAKNHAWGVVETHARKYHVALLEHDEFGIITCDNWRRVAVSSESVVYSDMAKLRTLRRLLKDGEPHVSSAKVVLVDGVPGCGKTKEILSRVNFEEDLILVPGRQAAEMIRRRANASGIIVATKDNVRTVDSFLMNYGKGARCQFKRLFIDEGLMLHTGCVNFLVEMSLCDIAYVYGDTQQIPYINRVTGFPYPAHFAKLEVDEVETRRTTLRCPADVTHFLNQRYEGHVMCTSSEKKSVSQEMVSGAASINPVSKPLKGKILTFTQSDKEALLSRGYADVHTVHEVQGETYADVSLVRLTPTPVSIIARDSPHVLVSLSRHTKSLKYYTVVMDPLVSIIRDLERVSSYLLDMYKV,2012-07-11,3vkw_A,446
1ntv_A,GQDRSEATLIKRFKGEGVRYKAKLIGIDEVSAARGDKLCQDSMMKLKGVVAGARSKGEHKQKIFLTISFGGIKIFDEKTGALQHHHAVHEISYIAKDITDHRAFGYVCGKEGNHRFVAIKTAQAAEPVILDLRDLFQLIYELKQREELEKKA,2003-04-15,1ntv_A,152
3hxw_A,SKSTAEIRQAFLDFFHSKGHQVVASSSLVPHNDPTLLFTNAGMNQFKDVFLGLDKRNYSRATTSQRCVRAGGKHNDLENVGYTARHHTFFEMLGNFSFGDYFKLDAILFAWLLLTSEKWFALPKERLWVTVYESDDEAYEIWEKEVGIPRERIIRIGDNKGAPYASDNFWQMGDTGPCGPCTEIFYDHGDHIWGGPPGSPEEDGDRYIEIWNIVFMQFNRQADGTMEPLPKPSVDTGMGLERIAAVLQHVNSNYDIDLFRTLIQAVAKVTGATDLSNKSLRVIADHIRSCAFLIADGVMPSNENRGYVLRRIIRRAVRHGNMLGAKETFFYKLVGPLIDVMGSAGEDLKRQQAQVEQVLKTEEEQFARTLERGLALLDEELAKLSGDTLDGETAFRLYDTYGFPVDLTADVCRERNIKVDEAGFEAAMEEQRRRAREASGF,2009-12-15,3hxw_A,441
2bw3_B,SHMQSRELKTVSADCKKEAIEKCAQWVVRDCRPFSAVSGSGFIDMIKFFIKVGAEYGDHVNVEELLPSPITLSRKVTSDAKEKA,2005-07-28,2bw3_B,84
2wpq_C,MKQIEDKIEEILSKIYHIENEIARIKKLIFDTNEKVDQNTADITTNTNSINQNTTDIATNTTNINNLSDSMKQIEDKIEEILSKIYHIENEIARIKKLI,2009-11-03,2wpq_C,99
1ssq_D,MNLDVWQHIRQEAKELAENEPMLASFFHSTILKHQNLGGALSYLLANKLANPIMPAISLREIIEEAYQSNPSIIDCAACDIQAVRHRDPAVELWSTPLLYLKGFHAIQSYRITHYLWNQNRKSLALYLQNQISVAFDVDIHPAAKIGHGIMFDHATGIVVGETSVIENDVSILQGVTLGGTGKESGDRHPKVREGVMIGAGAKILGNIEVGKYAKIGANSVVLNPVPEYATAAGVPARIVSQDKAAKPAFDMNQYFIGIDDGMNLNI,2004-06-01,1ssq_D,267
2au3_A,GHMSSDIDELRREIDIVDVISEYLNLEKVGSNYRTNCPFHPDDTPSFYVSPSKQIFKCFGCGVGGDAIKFVSLYEDISYFEAALELAKRYGKKLDLEKISKDEKVYVALDRVCDFYRESLLKNREASEYVKSRGIDPKVARKFDLGYAPSSEALVKVLKENDLLEAYLETKNLLSPTKGVYRDLFLRRVVIPIKDPRGRVIGFGGRRIVEDKSPKYINSPDSRVFKKGENLFGLYEAKEYIKEEGFAILVEGYFDLLRLFSEGIRNVVAPLGTALTQNQANLLSKFTKKVYILYDGDDAGRKAMKSAIPLLLSAGVEVYPVYLPEGYDPDEFIKEFGKEELRRLINSSGELFETLIKTARENLEEKTREFRYYLGFISDGVRRFALASEFHTKYKVPMEILLMKIEK,2005-11-15,2au3_A,407
5njl_A,TTQVKKETITKKEATELVSKVRDLMSQKYTGGSQVGQPIYEIKVGETLSKLKIITNIDELEKLVNALGENKELIVTITDKGHITNSANEVVAEATEKYENSADLSAEANSITEKAKTETNGIYKVADVKASYDSAKDKLVITLRDKTDTVTSKTIEIGIGDEKIDLTANPVDSTGTNLDPSTEGFRVNKIVKLGVAGAKNIDDVQLAEITIKNSDLNTVSPQDLYDGYRLTVKGNMVANGTSKSISDISSKDSETGKYKFTIKYTDASGKAIELTVESTNEKDLKDAKAALEGNS,2017-07-05,5njl_A,295
2wcu_A,MVALKGIPKVLSPELLFALARMGHGDEIVLADANFPTSSICQCGPVEIRADGLDIPQLLEAVLRLLPLDTYVESPAAVMDLVPSDKEKGLQTPIWKRYESLLLEADCKKTLMKLERFEFYERAKKAFAVVATGEMALYGNIILKKGTLD,2009-11-10,2wcu_A,149
4csb_A,MAIPEDKEYDVSGRVVSALVYQYFIVTVDDAEDKKGKTFQGDAGGVTIPGVDFFWGTLHTPDLEKLYSDTVSFQYNAAATFLNINFFDSKGERLGYVLAGAAGTVSGIGGGTGGWELEHHHHHH,2014-04-16,4csb_A,124
2xeu_A,GAMVSCPICMDGYSEIVQNGRLIVSTECGHVFCSQCLRDSLKNANTCPTCRKKINHKRYHPIYI,2010-07-28,2xeu_A,64
2oez_B,SNATTHKFEHPLNEKTRIYLRVESLLRQAHLASGFADNHQYQLFFRALFDMVEIFEQIQLKSELAKDLEKQRLSYRHWLNVEGVDQEALNSLLNEIDVVHSQLMGAERFGQALKEDRFLSSIRQRFNLPGGSCCFDLPALHYWLHLPIERKKHDANQWQKSLKPLSDALTLWLKLARETGHFKAQIARAGFFQSDADEANILRLHIPMKYGVYPMISGHKNRFAIKFMAFENGQACSQDVEFELAVC,2007-01-30,2oez_B,247
5ori_A,DTHKSEIAHRFNDLGEENFQGLVLIAFSQYLQQCPFDEHVKLVKELTEFAKTCVADESHAGCDKSLHTLFGDELCKVATLRETYGDMADCCEKQEPERNECFLKHKDDSPDLPKLKPEPDTLCAEFKADEKKFWGKYLYEVARRHPYFYAPELLYYANKYNGVFQECCQAEDKGACLLPKIETMREKVLASSARQRLRCASIQKFGERALKAWSVARLSQKFPKADFTDVTKIVTDLTKVHKECCHGDLLECADDRADLAKYICDHQDTLSSKLKECCDKPVLEKSHCIAEIDKDAVPENLPPLTADFAEDKEVCKNYQEAKDVFLGSFLYEYSRRHPEYAVSVLLRLAKEYEATLEDCCAKEDPHACYATVFDKLKHLVDEPQNLIKKNCELFEKHGEYGFQNALIVRYTRKAPQVSTPTLVEISRSLGKVGTKCCAKPESERMPCTEDYLSLILNRLCVLHEKTPVSEKVTKCCTESLVNRRPCFSDLTLDETYVPKPFDGESFTFHADICTLPDTEKQIKKQTALVELLKHKPKATDEQLKTVMENFVAFVDKCCAADDKEGCFLLEGPKLVASTQAALA,2017-11-08,5ori_A,583
4tsh_A,VGTQTGNPATNLPEAQGSASKEAEQSQNQAGETNGSIPVEVPKTDLDQAAKDAKSAGVNVVQDADVNKGTVKTAEEAVQKETEIKEDYTKQAEDIKKTTDQYKSDVAAHEAEVAKIKAKNQ,2014-10-22,4tsh_A,121
2qtd_A,GMINMKVAISMDVDKISNSFEDCKYFLIVRIDDNEVKSTKVIFNDESGKKSIVKENVNAIICKNISEENYKKFSKKIEIYHAEGDDVDKNISLFIEGELSKISNP,2007-08-21,2qtd_A,105
3jub_A,MALVFVYGTLKRGQPNHRVLRDGAHGSAAFRARGRTLEPYPLVIAGEHNIPWLLHLPGSGRLVEGEVYAVDERMLRFLDDFESCPALYQRTVLRVQLLEDRAPGAEEPPAPTAVQCFVYSRATFPPEWAQLPHHDSYDSEGPHGLRYNPRENR,2010-02-09,3jub_A,153
3ov5_A,MTSYTYQATPMDGTLKTMLERWAADSNMQLSYNLPSDYTLIGPVSAISTTSVQQAATELSAVYAAQGVSVSVSANKLLVQPVPVS,2011-06-01,3ov5_A,85
3pf6_A,GMSQFQEVRPVAQALYPTHPSTKDALEEARLLFPGGTHHDFMRALMGYHNTLVKVMEEQCGS,2010-11-10,3pf6_A,62
4jnu_B,SYYIDADLLREIKQHLKQQQEGLSHLISIIKDDLEDIKLV,2014-09-17,4jnu_B,40
4p3x_A,MHHHHHHMVDEILKLKKEKGYIILAHNYQIPELQDIADFVGDSLQLARKAMELSEKKILFLGVDFMAELVKILNPDKKVIVPDRSATCPMANRLTPEIIREYREKFPDAPVVLYVNSTSECKTLADVICTSANAVEVVKKLDSSVVIFGPDRNLGEYVAEKTGKKVITIPENGHCPVHQFNAESIDAVRKKYPDAKVIVHPECPKPVRDKADYVGSTGQMEKIPERDPSRIFVIGTEIGMIHKLKKKFPDREFVPLEMAVCVNMKKNTLENTLHALQTESFEVILPKEVIEKAKKPILRMFELMG,2014-04-02,4p3x_A,305
2cyj_A,MKIEEVRFGLVKIDGKEFDHDIVIYPSGRIERRMKEISKKKHGTSHKLDPEELEKYLVEDFDVLLVGTGIYGMLSLLPESKKLVEDKEVIEKPTKEALKLLEELWGKKRILAIIHVTC,2006-01-07,2cyj_A,118
2z0j_E,MRLRVDVIPGEHLAYPDVVLVVDVIRATTTAAAFLEAGAEALYWTPSLESALAFKDEDVVLAGETGGLKPPRFDLGNSPREALSAQVAGRVVVMSTTNGTKAAHAAARTAKHVLLASLYNAHAAARLARELATEEVAILCAGKEGRAGLDDLYTAGVLAEYLGFLGEVEPEDGARVALAVKRAYPDPLEALSLSAAALALKQVGLEADVPFCAQVAKSAAVPVLRGRVGEALIFKRA,2007-11-13,2z0j_E,237
3rxy_A,SNAMAGLSTAELVDIALEMAEMRTLPADSAVYVESTDLKRVMMGIDIGPAELLLARQLGCDGVIAHHPAGGSATLNFPEVLTRHVELMVEHGVPATAARDAIQGLLTRSLLRAQSANHDHTPSVARLLEMPFLNIHLPLDEVGRRIMVKTIQEAVEPLGDEARVQDAIDALMTLPEFAGAATRIMVPVGAVDQPLGKIAVVHGAGTNGGYAVARAYFDHGVRTVLYIHIAPEEAERLRREGGGNLIVTGHIASDLVGINRYVQALEERGVEVVRMSGL,2011-06-22,3rxy_A,278
4gip_A,LDPAALMQIGVIPTNVRQLMYYTEASSAFIVVKLMPTIDSPISGCNITSISSYNATVTKLLQPIGENLETIRNQLIPTRRR,2012-09-19,4gip_A,81
2o6x_A,NDDLWHQWKRMYNKEYNGADDQHRRNIWEKNVKHIQEHNLRHDLGLVTYTLGLNQFTDMTFEEFKAKYLTEMSRASDILSHGVPYEANNRAVPDKIDWRESGYVTEVKDQGNCGSGWAFSTTGTMEGQYMKNERTSISFSEQQLVDCSRPWGNNGCGGGLMENAYQYLKQFGLETESSYPYTAVEGQCRYNKQLGVAKVTGFYTVHSGSEVELKNLVGAEGPAAVAVDVESDFMMYRSGIYQSQTCSPLRVNHAVLAVGYGTQGGTDYWIVKNSWGLSWGERGYIRMVRNRGNMCGIASLASLPMVARFP,2007-12-18,2o6x_A,310
2cb5_A,SSSGLNSEKVAALIQKLNSDPQFVLAQNVGTTHDLLDICLKRATVQRAQHVFQHAVPQEGKPITNQKSSGRSWIFSCLNVMRLPFMKKLNIEEFEFSQSYLFFWDKVERCYFFLSAFVDTAQRKEPEDGRLVQFLLMNPANDGGQWDMLVNIVEKYGVIPKKCFPESYTTEATRRMNDILNHKMREFCIRLRNLVHSGATKGEISATQDVMMEEIFRVVCICLGNPPETFTWEYRDKDKNYEKIGPITPLEFYREHVKPLFNMEDKICLVNDPRPQHKHNKLYTVEYLSNMVGGRKTLYNNQPIDFLKKMVAASIKDGEAVWFGCDVGKHFNSKLGLSDMNLYDHELVFGVSLKNMNKAERLTFGESLMTHAMTFTAVSEKDDQDGAFTKWRVENSWGEDHGHKGYLCMTDEWFSEYVYEVVVDRKHVPEEVLAVLEQEPIILPAWDPMGALA,2000-03-06,2cb5_A,453
4f87_A,MSKINVNVENVSGVQGFLFHTDGKESYGYRAFINGVEIGIKDIETVQGFQQIIPSINISKSDVEAIRKAMKK,2012-07-25,4f87_A,72
1zd7_B,CLSFGTEILTVEYGPLPIGKIVSEEINCSVYSVDPEGRVYTQAIAQWHDRGEQEVLEYELEDGSVIRATSDHRFLTTDYQLLAIEEIFARQLDLLTLENIKQTEEALDNHRLPFPLLDAGTIKMVKVIGRRSLGVQRIFDIGLPQDHNFLLANGAIAAN,2006-01-24,1zd7_B,159
3gmv_X,SGFSAEKYEQIQFGMTFDEVWEIGGGEAACDTGGVIGDSILCFTESGDYAPYGGFSFTDEGELWSKRNEYLYKAKTPSVKLSHYNRTALGMTEAQLWAAVPKDSCVSQGESYPNWPAKTGFEEKYYCAAATGLFPPSASFHLTDGVLTYRYQRSLT,2009-03-31,3gmv_X,156
2in8_A,CLAEGTRIFDPVTGTTHRIEDVVGGRKPIHVVAAAKDGTLHARPVVSWFDQGTRDVIGLRIAGGAILWATPDHKVLTEYGWRAAGELRKGDRVAVRDVETGELRYSVIREVLPTRRARTFGLEVEELHTLVAEGVVVHN,2007-05-01,2in8_A,139
5b1n_A,GAMAAGVKQLADDRTLLMAGVSHDLRTPLTRIRLATEMMSEQDGYLAESINKDIEECNAIIEQFIDYLR,2016-12-14,5b1n_A,69
1ouw_C,AVPMDTISGPWGNNGGNFWSFRPVNKINQIVISYGGGGNNPIALTFSSTKADGSKDTITVGGGGPDSITGTEMVNIGTDEYLTGISGTFGIYLDNNVLRSITFTTNLKAHGPYGQKVGTPFSSANVVGNEIVGFLGRSGYYVDAIGTYNRHK,2003-11-11,1ouw_C,152
3oi8_A,SNASAEDVLNLLRQAHEQEVFDADTLLRLEKVLDFSDLEVRDAMITRSRMNVLKENDSIERITAYVIDTAHSRFPVIGEDKDEVLGILHAKDLLKYMFNPEQFHLKSILRPAVFVPEGKSLTALLKEFREQRNHMAIVIDEYGGTSGLVTFEDIIE,2010-09-22,3oi8_A,156
3st1_A,SIAGTVMDHDKIAKLPASGSPLETKFQPQLHIGNGCHSYPAVDAQGNWSGGLKPTGAPSAACKDTSKAQTYVRSATFQGKTALVYAWYMPKDEISTGIGHRHDWEGAVVFLNSDTQQIDGVAASAHGKWRKYPNPGGANIDDTHVKLQYSAEPVINSHALDLTDKGGDLPTLASWEGMGADARAAINERSHWGDANPPIADSLIGSSLSGAWMW,2011-11-02,3st1_A,214
2hq4_A,DLYFQGGSGMQCEEKLEVFENGFKDEKFNVEVKFYGNDARKVLLAMIYELYLPEYGREYVYPFECAKEFWNIYLEGEEIQDEEFQLKPIKFTSEQVIKKLQEEIKKIKPPLEIKIEEAKIYKTKEGYLAVGNYFILDPRGRLFIFNKPSIANKILKYIWKW,2006-09-19,2hq4_A,161
3dan_A,MDPSSKPLREIPGSYGIPFFQPIKDRLEYFYGTGGRDEYFRSRMQKYQSTVFRANMPPGPFVSSNPKVIVLLDAKSFPILFDVSKVEKKDLFTGTYMPSTKLTGGYRVLSYLDPSEPRHAQLKNLLFFMLKNSSNRVIPQFETTYTELFEGLEAELAKNGKAAFNDVGEQAAFRFLGRAYFNSNPEETKLGTSAPTLISSWVLFNLAPTLDLGLPWFLQEPLLHTFRLPAFLIKSTYNKLYDYFQSVATPVMEQAEKLGVPKDEAVHNILFAVCFNTFGGVKILFPNTLKWIGLAGENLHTQLAEEIRGAIKSYGDGNVTLEAIEQMPLTKSVVYESLRIEPPVPPQYGKAKSNFTIESHDATFEVKKGEMLFGYQPFATKDPKVFDRPEEYVPDRFVGDGEALLKYVWWSNGPETESPTVENKQCAGKDFVVLITRLFVIELFRRYDSFEIELGESPLGAAVTLTFLKRASI,2008-09-23,3dan_A,473
3lwx_A,GQSLRSFQKQNEDNDKRQQILRSINVNVSSSEAETKYNELIKEAFLVNENGEKVEGDAFATDVVKAATEHQYPVFVANVDGQPKYIMALHGAGLWGPLWGYISVDSDKNTIYGADFSHQGETPGLGAEISKPVFSNEFKGKKIFMSGEFKSVAVVKPGKSVAGQDYVDGISGGTITSKGVDEMLFNSLSGYVKFLTSQN,2010-03-31,3lwx_A,199
2imf_A,MIVDFYFDFLSPFSYLANQRLSKLAQDYGLTIRYNAIDLARVKIAIGNVGPSNRDLKVKLDYLKVDLQRWAQLYGIPLVFPANYNSRRMNIGFYYSGAEAQAAAYVNVVFNAVWGEGIAPDLESLPALVSEKLGWDRSAFEHFLSSNAATERYDEQTHAAIERKVFGVPTMFLGDEMWWGNDRLFMLESAMGRLCRQNADLSS,2007-06-12,2imf_A,203
1xhk_B,HMEPKVGVIYGLAVLGAGGIGDVTKIIVQILESKNPGTHLLNISGDIAKHSITLASALSKKLVAEKKLPLPKKDIDLNNKEIYIQFSQSYSKIDGDSATAAVCLAIISALLDIPLKQDFAITGSLDLSGNVLAIGGVNEKIEAAKRYGFKRVIIPEANMIDVIETEGIEIIPVKTLDEIVPLVFDLD,2004-10-05,1xhk_B,187
3bjd_B,GHMNTRNFSLPQLQNLPIEEARIVADALAVHATSRQIDSAASKLAALAEAGLKGDRQAYAAYQQLLYVLSLSDDVATAQTRRWLARAIYRVEERFMPAADLSRALSEEDFQKRLEQEIAAQSRERHPMSQYVFSGSASRAQLQVFLRHQWFRTFRLYRDAADLLVNLTDVDEAAALARYLYGELGEEDEKGSHPRLLAKLLEAIGLEADFQAVSTMPEEIAYLNNRARAFRHAEVGWGLAVFYITELVVPGNHEKLYRALLQAGLSEDQAEYYKVHISLVPPRAKREWQLIARRIPDVQFQNAFLTSLSQHFRVERAYYDAIWEEMQSVKGS,2007-12-11,3bjd_B,332
3o0g_D,QASTSELLRCLGEFLCRRCYRLKHLSPTDPVLWLRSVDRSLLLQGWQDQGFITPANVVFLYMLCRDVISSEVGSDHELQAVLLTCLYLSYSYMGNEISYPLKPFLVESCKEAFWDRCLSVINLMSSKMLQINADPHYFTQVFSDLKNES,2011-01-26,3o0g_D,149
4j4r_A,SNAMSEWSRIAVEFGEQQLNLTELEDFARELAYEGLDPALIIKKLKETGGDDWVKDTKFIIVFALTRGNKIVKASGKMSNSGSKRLMALQEKYGLVERAETRLSITPVRVAQSLPTWTCAAAAALKEYLPVGPAVMNLKVENYPPEMMCMAFGSLIPTAGVSEATTKTLMEAYSLWQDAFTKTINVKMRGASKTEVYNSFRDPLHAAVNSVFFPNDVRVKWLKAKGILGPDGVPSRAAEVAAAAYRNL,2013-05-22,4j4r_A,248
2i5u_A,SNAIRSIWENNGFGLMSSKTMTDFDYWISDFEKIGASQKEAEQLIVKAIEIAIDANARNYNYINAILKDWEQRGFKSVEEREA,2006-11-07,2i5u_A,83
3f7w_A,GVNSVAARVTELTGREVAAVAERGHSHRWHLYRVELADGTPLFVKALPDDAPALDGLFRAEALGLDWLGRSFGSPVPQVAGWDDRTLAMEWVDERPPTPEAAERFGHQLAAMHLAGAESFGATWDGYIGPLPMDNTPRSTWPEFYAEQRILPYLRRAADRGALTPGDVRLVEKVLDALDHLAGDPEPPARIHGDLWNGNVLWQDDGAVVIDPAAHGGHREADLAMLALFGLPYLDRVRDAYNEVAPLAEGWRARIPLHQLHPLLVHVCLFGAAYRTTLVDTARAALRA,2008-11-25,3f7w_A,288
2gc4_B,ADAPAGTDPRAKWVPQDNDIQACDYWRHCSIDGNICDCSGGSLTNCPPGTKLATASWVASCYNPTDGQSYLIAYRDCCGYNVSGRCPCLNTEGELPVYRPEFANDIIWCFGAEDDAMTYHCTISPIVGKAS,2006-11-28,2gc4_B,131
2vzc_A,SGRHERDAFDTLFDHAPDKLNVVKKTLITFVNKHLNKLNLEVTELETQFADGVYLVLLMGLLEGYFVPLHSFFLTPDSFEQKVLNVSFAFELMQDGGLEKPKPRPEDIVNCDLKSTLRVLYNLFTKYRNVE,2008-10-28,2vzc_A,131
4yxp_A,GPGAADTIDATTRLVLRSISERAAVDRISESFGRSAQVMHDPFGGQPFPAANSPWAPVLAGQGGPFDAETRRVSWETLVAHGPSLYRTFAGNPRAASTAKAMRDCVLRQENFIEALASADETLAWCKMCIHHNLPLRPQDPIIGTTAAVLDNLATRLRPFLQCYLKARGLCGLDELCSRRRLADIKDIASFVFVILARLANRVERGVAEIDYATLGVGVGEKMHFYLPGACMAGLIEILDTHRQECSSRVCELTASHIVAPPYVHGKYFYCNSLF,2015-06-17,4yxp_A,275
1a62_A,MNLTELKNTPVSELITLGENMGLENLARMRKQDIIFAILKQHAKSGEDIFGDGVLEILQDGFGFLRSADSSYLAGPDDIYVSPSQIRRFNLRTGDTISGKIRPPKEGERYFALLKVNEVNFDKPENARNK,1998-06-17,1a62_A,130
5ezu_A,GSMAQQMAFDISVNASKTINALVYFSTQQNKLVIRNEVNDTHYTVEFDRDKVVDTFISYNRHNDTIEIRGVLPEETNIGCAVNTPVSMT,2016-11-30,5ezu_A,89
3rt4_A,EDPPACGSIVPRREWRALASECRERLTRPVRYVVVSHTAGSHCDTPASCAQQAQNVQSYHVRNLGWCDVGYNFLIGEDGLVYEGRGWNIKGAHAGPTWNPISIGISFMGNYMNRVPPPRALRAAQNLLACGVALGALRSNYEVKGHRDVQPTLSPGDRLYEIIQTWSHYRA,2011-06-15,3rt4_A,171
1f20_A,SWKRNKFRLTYVAEAPDLTQGLSNVHKKRVSAARLLSRQNLQSPKSSRSTIFVRLHTNGNQELQYQPGDHLGVFPGNHEDLVNALIERLEDAPPANHVVKVEMLEERNTALGVISNWKDESRLPPCTIFQAFKYYLDITTPPTPLQLQQFASLATNEKEKQRLLVLSKGLQEYEEWKWGKNPTMVEVLEEFPSIQMPATLLLTQLSLLQPRYYSISSSPDMYPDEVHLTVAIVSYHTRDGEGPVHHGVCSSWLNRIQADDVVPCFVRGAPSFHLPRNPQVPCILVGPGTGIAPFRSFWQQRQFDIQHKGMNPCPMVLVFGCRQSKIDHIYREETLQAKNKGVFRELYTAYSREPDRPKKYVQDVLQEQLAESVYRALKEQGGHIYVCGDVTMAADVLKAIQRIMTQQGKLSEEDAGVFISRLRDDNRYHEDIFGV,2001-10-10,1f20_A,435
2aj7_A,MGSDKIHHHHHHMKVIETKYSGKLEVAEDRLIAFDQGIPAFEDEKEFVLLPFAAGTPYYTLQSTKTVDLAFIIVNPFSFFPEYRVKLPEATIAQLNITNENDVAIFSLLTVKEPFSETTVNLQAPIVINANKQMGKQLVLGDTAYNRKQPLFQKELVLAKEAK,2005-11-15,2aj7_A,163
